{
  "checkpoint": "vinai/phobert-base",
  "max_length": 256,
  "trainer_metrics": {
    "eval_loss": 0.2104158103466034,
    "eval_accuracy": 0.9455782312925171,
    "eval_f1": 0.9548872180451128,
    "eval_runtime": 2.767,
    "eval_samples_per_second": 318.751,
    "eval_steps_per_second": 10.119,
    "epoch": 3.0
  },
  "classification_report": {
    "NEGATIVE": {
      "precision": 0.9394812680115274,
      "recall": 0.9235127478753541,
      "f1-score": 0.9314285714285714,
      "support": 353.0
    },
    "POSITIVE": {
      "precision": 0.9495327102803738,
      "recall": 0.9603024574669187,
      "f1-score": 0.9548872180451128,
      "support": 529.0
    },
    "accuracy": 0.9455782312925171,
    "macro avg": {
      "precision": 0.9445069891459505,
      "recall": 0.9419076026711364,
      "f1-score": 0.9431578947368421,
      "support": 882.0
    },
    "weighted avg": {
      "precision": 0.9455098541342255,
      "recall": 0.9455782312925171,
      "f1-score": 0.9454984399774948,
      "support": 882.0
    }
  },
  "confusion_matrix": [
    [
      326,
      27
    ],
    [
      21,
      508
    ]
  ]
}